Months,Amount
January,442156.30000000034
February,443352.1700000009
March,487523.0899999996
April,528620.6900000001
May,513402.6899999995
June,482931.66000000056
July,502962.8999999996
August,456421.7000000004
September,461857.66999999963
October,521434.00999999966
November,490858.95000000077
December,533771.2199999988
